{
  "version": 2,
  "data": {
    "minecraft:mutated_forest": "FOREST_FLOWERS",
    "minecraft:smaller_extreme_hills": "MOUNTAINS",
    "minecraft:forest_hills": "FOREST_HILLS",
    "minecraft:plains": "PLAINS",
    "minecraft:swampland": "SWAMP",
    "minecraft:mutated_roofed_forest": "DENSE_FOREST_HILLS",
    "minecraft:void": "END_VOID",
    "minecraft:extreme_hills_with_trees": "MOUNTAINS_ALL",
    "minecraft:taiga_hills": "PINES_HILLS",
    "minecraft:taiga_cold": "SNOW_PINES",
    "minecraft:mutated_redwood_taiga": "MEGA_SPRUCE",
    "minecraft:hell": "CAVE_WALLS",
    "minecraft:frozen_river": "ICE",
    "minecraft:sky": "SHORE",
    "minecraft:extreme_hills": "MOUNTAINS",
    "minecraft:beaches": "SHORE",
    "minecraft:mesa_clear_rock": "PLATEAU_MESA",
    "minecraft:mutated_birch_forest_hills": "TALL_BIRCH_HILLS",
    "minecraft:ocean": "WATER",
    "minecraft:mutated_jungle": "JUNGLE_CLIFFS",
    "minecraft:mutated_plains": "SUNFLOWERS",
    "minecraft:mutated_swampland": "SWAMP_HILLS",
    "minecraft:ice_mountains": "SNOW_HILLS",
    "minecraft:mutated_taiga": "PINES_HILLS",
    "minecraft:mutated_mesa_clear_rock": "PLATEAU_MESA_LOW",
    "minecraft:desert_hills": "DESERT_HILLS",
    "minecraft:mutated_extreme_hills": "MOUNTAINS_SNOW_CAPS",
    "minecraft:cold_beach": "SHORE",
    "minecraft:mutated_savanna_rock": "PLATEAU_SAVANNA_M",
    "minecraft:ice_flats": "SNOW",
    "minecraft:jungle_edge": "JUNGLE_EDGE",
    "minecraft:stone_beach": "ROCK_SHORE",
    "minecraft:jungle": "JUNGLE",
    "minecraft:redwood_taiga_hills": "MEGA_TAIGA_HILLS",
    "minecraft:taiga": "PINES",
    "minecraft:mesa": "MESA",
    "minecraft:mutated_savanna": "SAVANNA_CLIFFS",
    "minecraft:birch_forest_hills": "BIRCH_HILLS",
    "minecraft:mutated_ice_flats": "ICE_SPIKES",
    "minecraft:roofed_forest": "DENSE_FOREST",
    "minecraft:savanna": "SAVANNA",
    "minecraft:river": "WATER",
    "minecraft:mushroom_island_shore": "SHORE",
    "minecraft:savanna_rock": "PLATEAU_SAVANNA",
    "minecraft:mutated_mesa_rock": "PLATEAU_MESA_TREES_LOW",
    "minecraft:mutated_extreme_hills_with_trees": "MOUNTAINS_SNOW_CAPS",
    "minecraft:birch_forest": "BIRCH",
    "minecraft:deep_ocean": "WATER",
    "minecraft:mushroom_island": "MUSHROOM",
    "minecraft:mutated_desert": "DESERT",
    "minecraft:frozen_ocean": "ICE",
    "minecraft:mutated_mesa": "BRYCE",
    "minecraft:mesa_rock": "PLATEAU_MESA_TREES",
    "minecraft:mutated_jungle_edge": "JUNGLE_EDGE_HILLS",
    "minecraft:taiga_cold_hills": "SNOW_PINES_HILLS",
    "minecraft:forest": "FOREST",
    "minecraft:redwood_taiga": "MEGA_TAIGA",
    "minecraft:mutated_redwood_taiga_hills": "MEGA_SPRUCE_HILLS",
    "minecraft:desert": "DESERT",
    "minecraft:mutated_birch_forest": "TALL_BIRCH",
    "minecraft:mutated_taiga_cold": "SNOW_PINES_HILLS",
    "minecraft:jungle_hills": "JUNGLE_HILLS"
  }
}