[
    {
        "MaterialName": "wood",
        "LocalisedName": "Wood",
        "HarvestLevel": 0,
        "Durability": 354,
        "Efficiency": 1.2000000476837158,
        "AttackDamage": 3.0,
        "Enchantability": 15,
        "TextureColour": 8807718,
        "DependantOreDic": "plankWood"
    },
    {
        "MaterialName": "stone",
        "LocalisedName": "Stone",
        "HarvestLevel": 1,
        "Durability": 786,
        "Efficiency": 2.4000000953674316,
        "AttackDamage": 4.0,
        "Enchantability": 5,
        "TextureColour": 10132122,
        "DependantOreDic": "cobblestone"
    },
    {
        "MaterialName": "iron",
        "LocalisedName": "Iron",
        "HarvestLevel": 2,
        "Durability": 1500,
        "Efficiency": 3.5999999046325684,
        "AttackDamage": 5.0,
        "Enchantability": 14,
        "TextureColour": 16777215,
        "DependantOreDic": "ingotIron"
    },
    {
        "MaterialName": "gold",
        "LocalisedName": "Gold",
        "HarvestLevel": 0,
        "Durability": 192,
        "Efficiency": 7.199999809265137,
        "AttackDamage": 3.0,
        "Enchantability": 22,
        "TextureColour": 15396439,
        "DependantOreDic": "ingotGold"
    },
    {
        "MaterialName": "diamond",
        "LocalisedName": "Diamond",
        "HarvestLevel": 3,
        "Durability": 9366,
        "Efficiency": 4.800000190734863,
        "AttackDamage": 6.0,
        "Enchantability": 10,
        "TextureColour": 3402699,
        "DependantOreDic": "gemDiamond"
    },
    {
        "MaterialName": "giant",
        "LocalisedName": "Giant",
        "HarvestLevel": 2,
        "Durability": 9000,
        "Efficiency": 1.7999999523162842,
        "AttackDamage": 8.0,
        "Enchantability": 10,
        "TextureColour": 9788612
    },
    {
        "MaterialName": "mini",
        "LocalisedName": "Mini",
        "HarvestLevel": 2,
        "Durability": 750,
        "Efficiency": 3.5999999046325684,
        "AttackDamage": 3.5,
        "Enchantability": 14
    },
    {
        "MaterialName": "mjolnir",
        "LocalisedName": "Mjolnir",
        "HarvestLevel": 2147483647,
        "Durability": 1,
        "Efficiency": 10.0,
        "AttackDamage": 10.0,
        "Enchantability": 0
    },
    {
        "MaterialName": "netherstar",
        "LocalisedName": "Nether Star",
        "HarvestLevel": 3,
        "Durability": 10,
        "Efficiency": 5.0,
        "AttackDamage": 40.0,
        "Enchantability": 0
    },
    {
        "MaterialName": "powered",
        "LocalisedName": "Powered",
        "HarvestLevel": 3,
        "Durability": 1500,
        "Efficiency": 4.800000190734863,
        "AttackDamage": 6.0,
        "Enchantability": 0
    },
    {
        "MaterialName": "copper",
        "LocalisedName": "Copper",
        "HarvestLevel": 1,
        "Durability": 768,
        "Efficiency": 2.4000000953674316,
        "AttackDamage": 4.0,
        "Enchantability": 12,
        "TextureColour": 16750446,
        "DependantOreDic": "ingotCopper"
    },
    {
        "MaterialName": "silver",
        "LocalisedName": "Silver",
        "HarvestLevel": 1,
        "Durability": 768,
        "Efficiency": 3.0,
        "AttackDamage": 4.300000190734863,
        "Enchantability": 15,
        "TextureColour": 12500670,
        "DependantOreDic": "ingotSilver"
    },
    {
        "MaterialName": "tin",
        "LocalisedName": "Tin",
        "HarvestLevel": 1,
        "Durability": 192,
        "Efficiency": 1.7999999523162842,
        "AttackDamage": 3.799999952316284,
        "Enchantability": 5,
        "TextureColour": 16774117,
        "DependantOreDic": "ingotTin"
    },
    {
        "MaterialName": "lead",
        "LocalisedName": "Lead",
        "HarvestLevel": 0,
        "Durability": 192,
        "Efficiency": 0.6000000238418579,
        "AttackDamage": 3.299999952316284,
        "Enchantability": 2,
        "TextureColour": 7566195,
        "DependantOreDic": "ingotLead"
    },
    {
        "MaterialName": "nickel",
        "LocalisedName": "Nickel",
        "HarvestLevel": 1,
        "Durability": 768,
        "Efficiency": 2.4000000953674316,
        "AttackDamage": 4.0,
        "Enchantability": 17,
        "TextureColour": 15073249,
        "DependantOreDic": "ingotNickel"
    },
    {
        "MaterialName": "platinum",
        "LocalisedName": "Platinum",
        "HarvestLevel": 1,
        "Durability": 960,
        "Efficiency": 1.7999999523162842,
        "AttackDamage": 3.799999952316284,
        "Enchantability": 37,
        "TextureColour": 11583162,
        "DependantOreDic": "ingotPlatinum"
    },
    {
        "MaterialName": "bronze",
        "LocalisedName": "Bronze",
        "HarvestLevel": 2,
        "Durability": 768,
        "Efficiency": 4.800000190734863,
        "AttackDamage": 5.0,
        "Enchantability": 11,
        "TextureColour": 15506763,
        "DependantOreDic": "ingotBronze"
    },
    {
        "MaterialName": "steel",
        "LocalisedName": "Steel",
        "HarvestLevel": 2,
        "Durability": 2880,
        "Efficiency": 4.800000190734863,
        "AttackDamage": 5.0,
        "Enchantability": 5,
        "TextureColour": 13490908,
        "DependantOreDic": "ingotSteel"
    },
    {
        "MaterialName": "invar",
        "LocalisedName": "Invar",
        "HarvestLevel": 2,
        "Durability": 1920,
        "Efficiency": 5.400000095367432,
        "AttackDamage": 5.300000190734863,
        "Enchantability": 7,
        "TextureColour": 13354674,
        "DependantOreDic": "ingotInvar"
    },
    {
        "MaterialName": "electrum",
        "LocalisedName": "Electrum",
        "HarvestLevel": 1,
        "Durability": 768,
        "Efficiency": 3.0,
        "AttackDamage": 4.300000190734863,
        "Enchantability": 25,
        "TextureColour": 16773284,
        "DependantOreDic": "ingotElectrum"
    },
    {
        "MaterialName": "aluminium",
        "LocalisedName": "Aluminium",
        "HarvestLevel": 2,
        "Durability": 1320,
        "Efficiency": 7.199999809265137,
        "AttackDamage": 4.800000190734863,
        "Enchantability": 14,
        "TextureColour": 15526647,
        "DependantOreDic": "ingotAluminum"
    },
    {
        "MaterialName": "brass",
        "LocalisedName": "Brass",
        "HarvestLevel": 2,
        "Durability": 576,
        "Efficiency": 2.0999999046325684,
        "AttackDamage": 4.599999904632568,
        "Enchantability": 10,
        "TextureColour": 16769127,
        "DependantOreDic": "ingotBrass"
    },
    {
        "MaterialName": "osmium",
        "LocalisedName": "Osmium",
        "HarvestLevel": 2,
        "Durability": 3000,
        "Efficiency": 6.0,
        "AttackDamage": 7.0,
        "Enchantability": 12,
        "TextureColour": 9215144,
        "DependantOreDic": "ingotOsmium"
    },
    {
        "MaterialName": "zinc",
        "LocalisedName": "Zinc",
        "HarvestLevel": 0,
        "Durability": 192,
        "Efficiency": 0.6000000238418579,
        "AttackDamage": 3.299999952316284,
        "Enchantability": 2,
        "TextureColour": 12831929,
        "DependantOreDic": "ingotZinc"
    },
    {
        "MaterialName": "chrome",
        "LocalisedName": "Chrome",
        "HarvestLevel": 3,
        "Durability": 3600,
        "Efficiency": 4.199999809265137,
        "AttackDamage": 7.0,
        "Enchantability": 7,
        "TextureColour": 13738926,
        "DependantOreDic": "ingotChrome"
    },
    {
        "MaterialName": "sapphire",
        "LocalisedName": "Sapphire",
        "HarvestLevel": 2,
        "Durability": 3720,
        "Efficiency": 3.0,
        "AttackDamage": 5.0,
        "Enchantability": 8,
        "TextureColour": 5540542,
        "DependantOreDic": "gemSapphire"
    },
    {
        "MaterialName": "ruby",
        "LocalisedName": "Ruby",
        "HarvestLevel": 2,
        "Durability": 1920,
        "Efficiency": 3.700000047683716,
        "AttackDamage": 5.699999809265137,
        "Enchantability": 10,
        "TextureColour": 12473698,
        "DependantOreDic": "gemRuby"
    },
    {
        "MaterialName": "peridot",
        "LocalisedName": "Peridot",
        "HarvestLevel": 2,
        "Durability": 2400,
        "Efficiency": 4.199999809265137,
        "AttackDamage": 5.400000095367432,
        "Enchantability": 16,
        "TextureColour": 10337878,
        "DependantOreDic": "gemPeridot"
    },
    {
        "MaterialName": "obsidian",
        "LocalisedName": "Obsidian",
        "HarvestLevel": 1,
        "Durability": 6000,
        "Efficiency": 2.4000000953674316,
        "AttackDamage": 3.0,
        "Enchantability": 5,
        "TextureColour": 3155018,
        "DependantOreDic": "obsidian"
    },
    {
        "MaterialName": "manasteel",
        "LocalisedName": "Manasteel",
        "HarvestLevel": 2,
        "Durability": 3000,
        "Efficiency": 3.700000047683716,
        "AttackDamage": 5.0,
        "Enchantability": 20,
        "TextureColour": 10608895,
        "DependantOreDic": "ingotManasteel"
    },
    {
        "MaterialName": "elementium",
        "LocalisedName": "Elementium",
        "HarvestLevel": 3,
        "Durability": 4320,
        "Efficiency": 3.700000047683716,
        "AttackDamage": 5.0,
        "Enchantability": 20,
        "TextureColour": 16294399,
        "DependantOreDic": "ingotElvenElementium"
    },
    {
        "MaterialName": "terrasteel",
        "LocalisedName": "Terrasteel",
        "HarvestLevel": 4,
        "Durability": 6000,
        "Efficiency": 5.400000095367432,
        "AttackDamage": 6.0,
        "Enchantability": 26,
        "TextureColour": 10221420,
        "DependantOreDic": "ingotTerrasteel"
    },
    {
        "MaterialName": "darksteel",
        "LocalisedName": "Darksteel",
        "HarvestLevel": 5,
        "Durability": 9366,
        "Efficiency": 3.700000047683716,
        "AttackDamage": 5.0,
        "Enchantability": 25,
        "TextureColour": 6513507,
        "DependantOreDic": "ingotDarkSteel"
    },
    {
        "MaterialName": "machalite",
        "LocalisedName": "Machalite",
        "HarvestLevel": 2,
        "Durability": 3000,
        "Efficiency": 4.199999809265137,
        "AttackDamage": 6.0,
        "Enchantability": 15,
        "TextureColour": 12705002,
        "DependantOreDic": "ingotMachalite"
    },
    {
        "MaterialName": "dragonite",
        "LocalisedName": "Dragonite",
        "HarvestLevel": 3,
        "Durability": 4500,
        "Efficiency": 4.199999809265137,
        "AttackDamage": 7.0,
        "Enchantability": 15,
        "TextureColour": 13361355,
        "DependantOreDic": "ingotDragonite"
    },
    {
        "MaterialName": "gossamite",
        "LocalisedName": "Gossamite",
        "HarvestLevel": 3,
        "Durability": 6000,
        "Efficiency": 4.800000190734863,
        "AttackDamage": 8.0,
        "Enchantability": 15,
        "TextureColour": 14864348,
        "DependantOreDic": "ingotGossamite"
    }
]