{
    "images":
    {
        "title":
        {
            "image" : "gfx:textures/title.png",
            "posX" : -165,
            "posY" : -60,
            "width" : 320,
            "height" : 320,
            "alignment" : "top_center"
        }
        

    },
    
    "buttons":
    {
        "singleplayer":
        {
            "text" : "menu.singleplayer",
            "posX" : -100,
            "posY" : 48,
            "width" : 200,
            "height" : 20,
            "action" : 
            {
                "type" : "openGui",
                "gui" : "singleplayer"
            }
        },
        
        "multiplayer":
        {
            "text" : "menu.multiplayer",
            "posX" : -100,
            "posY" : 72,
            "width" : 200,
            "height" : 20,
            "action" : 
            {
                "type" : "openGui",
                "gui" : "multiplayer"
            }
        },
        
        "mods":
        {
            "text" : "fml.menu.mods",
            "posX" : -100,
            "posY" : 96,
            "width" : 200,
            "height" : 20,
            "action" : 
            {
                "type" : "openGui",
                "gui" : "mods"
            }
        },
		
		"Official Let's Play":
        {
            "text" : "Official Let's Play",
            "posX" : -100,
            "posY" : 120,
            "width" : 200,
            "height" : 20,
            "action" : 
            {
                "type" : "openLink",
                "link" : "https://www.youtube.com/playlist?list=PL3e14exB92LLKVKSHx2RzLwBbUQB3kvhK"
            }
        },
		
        "options":
        {
            "text" : "menu.options",
            "posX" : -100,
            "posY" : 144,
            "width" : 98,
            "height" : 20,
            "action" : 
            {
                "type" : "openGui",
                "gui" : "options"
            }
        },        
        "quit":
        {
            "text" : "menu.quit",
            "posX" : 2,
            "posY" : 144,
            "width" : 98,
            "height" : 20,
            "action" : 
            {
                "type" : "quit"
            }
        },
        
        "language":
        {
            "text" : "",
            "posX" : -124,
            "posY" : 72,
            "width" : 20,
            "height" : 20,
            "action" : 
            {
                "type" : "openGui",
                "gui" : "languages"
            }
        },
        
        "refresh":
        {
            "text" : "",
            "posX" : -124,
            "posY" : 96,
            "width" : 20,
            "height" : 20,
            "texture" : "custommainmenu:textures/gui/buttons.png",
            "action" : 
            {
                "type" : "refresh"
            }
        }
    },
    
    "labels":
    {
        "mojang":
        {
            "text" : "Copyright Mojang AB. Do not distribute!",
            "hoverText" : "�nCopyright Mojang AB. Do not distribute!",
            "posX" : -197,
            "posY" : -10,
            "color" : -1,
            "alignment" : "bottom_right",
            "action" : 
            {
                "type" : "openGui",
                "gui" : "credits"
            }
        },
        
        "fml":
        {
            "text" : "",
            "posX" : 2,
            "posY" : -45,
            "color" : -1,
            "alignment" : "bottom_left"
        }
    },
    
	"other":
    {
	"background":
        {
            "image" : "",
            "slideshow":
            {
                "images" : ["gfx:background/screenshot1.png","gfx:background/screenshot2.png","gfx:background/screenshot3.png","gfx:background/screenshot4.png","gfx:background/screenshot5.png","gfx:background/screenshot6.png","gfx:background/screenshot7.png","gfx:background/screenshot8.png"],
                "displayDuration" : 60,
                "fadeDuration" : 40

            }
        }
	}

}